<!DOCTYPE suite SYSTEM "https://testng.org/testng-1.0.dtd">
<suite name="Demoblaze Automation Suite">
    <test name="Demoblaze Tests">
        <classes>
            <class name="tests.LoginTest"/>
            <class name="tests.SignupTest"/>
            <class name="tests.CartTest"/>
            <class name="tests.OrderTest"/>
            <class name="tests.ProductBrowsingTest"/>
            <class name="tests.LogoutTest"/>
            <class name="tests.UIUXTest"/>
            <class name="tests.ResponsiveDesignTest"/>
        </classes>
    </test>
</suite>
